{
  "train_losses": [
    5.446920596014481,
    3.6436322199167006,
    3.3086404577135724,
    3.158554155594345,
    3.0667769850600637,
    3.00072507900017,
    2.948248306777687,
    2.9128990822307466,
    2.8809027348158343,
    2.8524391485184815
  ],
  "val_losses": [
    3.86230206489563,
    3.335117816925049,
    3.17988920211792,
    3.100085496902466,
    3.0543394088745117,
    3.0233066082000732,
    3.005924701690674,
    2.9822745323181152,
    2.9740304946899414,
    2.962376117706299
  ],
  "best_val_loss": 2.962376117706299,
  "best_val_ppl": 19.343880528611162
}